name,lastProtectedDate
aaa0001,2023-04-04T05:31:20Z
aaa0002,2023-04-04T06:02:27Z
aaa0003,2023-01-31T06:27:04Z
aaa0004,2023-04-04T16:15:08Z
aaa0005,2023-04-04T05:47:59Z
aaa0006,2023-01-21T15:10:23Z
aaa0007,2023-04-04T06:30:16Z
aaa0008,2023-03-09T12:13:02Z
aaa0009,2023-02-16T12:07:52Z
aaa00010,2023-04-04T16:13:28Z
aaa00011,2023-03-09T12:11:39Z
aaa00012,2023-02-16T16:54:45Z
aaa00013,2023-02-16T16:46:45Z
aaa00014,2023-03-09T06:16:40Z
aaa00015,2023-02-16T16:54:45Z
aaa00016,2023-03-09T12:14:07Z
aaa00017,2023-01-16T11:48:19Z
aaa00018,2023-04-04T05:58:06Z
aaa00019,2023-03-09T12:11:39Z
aaa00020,2023-04-04T06:26:29Z
aaa00021,2023-04-04T16:10:59Z
aaa00013,2023-04-04T05:28:59Z
aaa00022,2023-04-04T16:16:36Z
aaa00023,2023-04-04T06:33:43Z
aaa00011,2023-04-04T16:09:12Z
aaa00024,2023-04-04T05:29:01Z
aaa00025,2023-04-04T16:16:48Z
bbb00026,2023-04-04T05:58:35Z
bbb00027,2023-03-04T06:50:01Z
bbb00028,2023-04-04T06:07:42Z
bbb00029,2023-04-04T05:22:58Z
bbb00030,2023-04-04T05:31:52Z
bbb00031,2023-04-04T06:02:31Z
bbb00032,2023-04-04T05:48:06Z
bbb00033,2023-02-17T06:15:54Z
bbb00034,2023-04-04T06:24:31Z
bbb00035,2023-04-04T05:02:19Z
bbb00036,2023-04-04T16:15:10Z
bbb00037,2023-04-04T06:28:05Z
bbb00038,2023-04-04T05:02:19Z
bbb00039,2023-04-04T06:20:50Z
bbb00040,2023-02-13T12:05:29Z
bbb00041,2023-04-04T05:48:01Z
bbb00042,2023-04-04T06:02:27Z
bbb00043,2023-04-04T05:48:02Z
bbb00044,2023-04-04T16:13:26Z
bbb00045,2023-04-04T06:19:12Z
aaa00025,2023-03-02T06:47:38Z
bbb00046,2023-04-04T05:02:28Z
bbb00047,2023-02-16T12:07:53Z
bbb00048,2023-02-16T16:54:51Z
aaa00015,2023-04-04T05:28:59Z
bbb00049,2023-04-04T05:11:56Z
ccc000050,2023-04-04T05:28:59Z
ccc000051,2023-01-24T06:36:05Z
ccc000052,2023-04-04T06:19:11Z
ccc000053,2023-03-09T12:13:22Z
ccc000054,2023-01-17T04:06:27Z
ccc000055,2023-03-03T06:22:01Z
ccc000056,2023-04-04T06:33:33Z
ccc000057,2023-03-03T06:48:43Z
ccc000053,2023-04-04T06:36:50Z
ccc000058,2023-04-04T06:20:57Z
bbb00033,2023-04-04T05:32:25Z
ccc000059,2023-04-04T06:24:31Z
ccc000060,2023-04-04T16:15:41Z
ccc000061,2023-04-04T06:36:50Z
ccc000062,2023-04-04T06:31:07Z
ccc000063,2023-04-04T06:30:33Z
ccc000064,2023-01-22T07:11:22Z
ccc000065,2023-04-04T16:13:30Z
ccc000066,2023-04-04T06:27:00Z
ccc000067,2023-04-04T16:17:22Z
ccc000068,2023-04-04T06:24:34Z
bbb00047,2023-03-09T12:11:39Z
ccc000069,2023-03-09T12:11:39Z
ccc000070,2023-04-04T06:29:30Z
ccc000071,2023-02-16T16:54:50Z
ccc000072,2023-04-04T06:07:39Z
ccc000073,2023-04-04T06:07:38Z
ccc000074,2023-01-31T06:27:02Z
ccc000075,2023-04-04T16:15:34Z
ddd000076,2023-04-04T16:09:12Z
ddd000077,2023-04-04T05:28:59Z
ddd000078,2023-01-31T06:27:04Z
ddd000079,2023-04-04T05:23:06Z
ddd000080,2023-04-04T06:29:38Z
aaa00016,2023-04-04T06:36:51Z
ddd000081,2023-03-08T06:36:05Z
ddd000082,2023-04-04T06:28:34Z
ddd000083,2023-04-04T06:42:23Z
ddd000084,2023-04-04T06:19:14Z
ddd000085,2023-04-04T06:33:28Z
ddd000086,2023-04-04T05:30:52Z
ddd000087,2023-04-04T06:28:45Z
ddd000088,2023-04-04T06:40:00Z
ddd000089,2023-04-04T06:33:02Z
ddd000090,2023-01-23T06:15:42Z
aaa0008,2023-04-04T06:36:49Z
bbb00043,2023-04-04T08:05:47Z
ddd000091,2023-04-04T05:02:24Z
ccc000061,2023-03-09T12:13:47Z
ddd000092,2023-01-23T06:40:51Z
ddd000093,2023-04-04T06:28:04Z
ddd000094,2023-04-04T05:31:46Z
bbb00047,2023-04-04T16:09:13Z
ddd000096,2023-04-04T16:13:28Z
ddd000097,2023-04-04T06:24:32Z
ccc000060,2023-03-02T06:47:39Z
ddd000098,2023-04-04T06:21:22Z
ddd000099,2023-04-04T05:11:33Z
ccc000051,2023-04-04T06:26:50Z
aaa00012,2023-04-04T05:28:59Z
ddd0000100,2023-04-04T06:26:25Z
aaa00019,2023-04-04T16:09:11Z
fff0000101,2023-01-16T11:46:08Z
fff0000102,2023-04-04T06:24:31Z
fff0000103,2023-04-04T06:31:07Z
fff0000104,2023-04-04T06:02:27Z
bbb00048,2023-04-04T05:29:00Z
aaa00024,2023-02-16T16:54:51Z
fff0000105,2023-04-04T06:19:11Z
fff0000108,2023-04-04T14:34:58.333106Z
fff0000106,2023-04-04T14:34:58.364331Z
fff0000110,2023-04-04T18:00:03.465135Z
fff0000109,2023-04-04T14:34:58.435902Z
